{
  "n_rows": 29180,
  "n_rows_made_cut": 17048,
  "variance_decomp": {
    "r2_full": 0.9859001196818066,
    "unique_r2": {
      "sg_ott": 0.16214568354298975,
      "sg_app": 0.31135012865864975,
      "sg_arg": 0.1325343376203879,
      "sg_putt": 0.3138690551770935
    },
    "pearson_r_with_total": {
      "sg_ott": 0.4501846820876472,
      "sg_app": 0.6165340155044378,
      "sg_arg": 0.3991327423324342,
      "sg_putt": 0.5549367650836057
    },
    "coefficients": {
      "sg_ott": 0.9869808699972065,
      "sg_app": 0.9873974171567528,
      "sg_arg": 0.9857668338451542,
      "sg_putt": 0.9851618118023104
    }
  },
  "rank_correlations": {
    "sg_ott": {
      "spearman_rho_minus_pos": 0.3578716393844352,
      "p_value": 0.0,
      "n": 16291
    },
    "sg_app": {
      "spearman_rho_minus_pos": 0.4780176034133904,
      "p_value": 0.0,
      "n": 16291
    },
    "sg_arg": {
      "spearman_rho_minus_pos": 0.2876702875314743,
      "p_value": 6.336668089593678e-308,
      "n": 16291
    },
    "sg_putt": {
      "spearman_rho_minus_pos": 0.43173010767936126,
      "p_value": 0.0,
      "n": 16291
    },
    "sg_t2g": {
      "spearman_rho_minus_pos": 0.6825439927914607,
      "p_value": 0.0,
      "n": 16291
    },
    "sg_total": {
      "spearman_rho_minus_pos": 0.9109769105029859,
      "p_value": 0.0,
      "n": 16291
    }
  },
  "within_tournament_standardised": {
    "components": {
      "sg_ott": {
        "mean_beta_flipped": 0.4393456138566213,
        "median_beta_flipped": 0.4418896000193132,
        "n_tournaments": 241
      },
      "sg_app": {
        "mean_beta_flipped": 0.598758916066531,
        "median_beta_flipped": 0.6126570487752026,
        "n_tournaments": 241
      },
      "sg_arg": {
        "mean_beta_flipped": 0.40600320408100793,
        "median_beta_flipped": 0.41565016884853456,
        "n_tournaments": 241
      },
      "sg_putt": {
        "mean_beta_flipped": 0.6093938929215238,
        "median_beta_flipped": 0.6218814206948281,
        "n_tournaments": 241
      }
    },
    "mean_R2_within_tournament": 0.8851619499467789,
    "median_R2_within_tournament": 0.9416105332598804
  },
  "top_vs_bottom": {
    "bucket_means": {
      "made_cut": {
        "sg_ott": 0.1261232989206945,
        "sg_app": 0.24458822149225715,
        "sg_arg": 0.10482226654152979,
        "sg_putt": 0.22084643359924916,
        "sg_total": 0.7024659784138901
      },
      "missed_cut": {
        "sg_ott": -0.2876195186284207,
        "sg_app": -0.5884487306297396,
        "sg_arg": -0.2452942631058358,
        "sg_putt": -0.6013773491592482,
        "sg_total": -1.722091163864161
      },
      "top10_finish": {
        "sg_ott": 0.47003240907454086,
        "sg_app": 0.8869211379186173,
        "sg_arg": 0.3459920777817789,
        "sg_putt": 0.8399603889088946,
        "sg_total": 2.541469211379186
      },
      "top3_finish": {
        "sg_ott": 0.5818181818181818,
        "sg_app": 1.1456902356902359,
        "sg_arg": 0.3978002244668911,
        "sg_putt": 1.0453535353535355,
        "sg_total": 3.1636700336700336
      },
      "win": {
        "sg_ott": 0.6801239669421489,
        "sg_app": 1.3021487603305786,
        "sg_arg": 0.42132231404958675,
        "sg_putt": 1.228801652892562,
        "sg_total": 3.615371900826446
      }
    },
    "top_vs_bottom_decile": {
      "sg_ott": {
        "top10pct_mean": 0.5293687901811805,
        "bot10pct_mean": -0.2730733410942957,
        "cohens_d": 1.3591207497775601,
        "n_top": 1711,
        "n_bot": 1718
      },
      "sg_app": {
        "top10pct_mean": 0.9850146113383986,
        "bot10pct_mean": -0.45403958090803265,
        "cohens_d": 1.8792190869829266,
        "n_top": 1711,
        "n_bot": 1718
      },
      "sg_arg": {
        "top10pct_mean": 0.3709000584453536,
        "bot10pct_mean": -0.1860419091967404,
        "cohens_d": 1.019912348753896,
        "n_top": 1711,
        "n_bot": 1718
      },
      "sg_putt": {
        "top10pct_mean": 0.9440502630040911,
        "bot10pct_mean": -0.3614027939464493,
        "cohens_d": 1.6425960104641948,
        "n_top": 1711,
        "n_bot": 1718
      },
      "sg_total": {
        "top10pct_mean": 2.827013442431327,
        "bot10pct_mean": -1.2653783469150175,
        "cohens_d": 4.891111764827736,
        "n_top": 1711,
        "n_bot": 1718
      }
    },
    "top10pct_rank_cutoff": 6.0,
    "bot10pct_rank_cutoff": 64.0
  },
  "made_cut_analysis": {
    "means_by_cut": {
      "sg_ott": {
        "0": -0.2876195186284207,
        "1": 0.12612329892069452
      },
      "sg_app": {
        "0": -0.5884487306297396,
        "1": 0.24458822149225715
      },
      "sg_arg": {
        "0": -0.2452942631058358,
        "1": 0.1048222665415298
      },
      "sg_putt": {
        "0": -0.6013773491592482,
        "1": 0.22084643359924916
      },
      "sg_total": {
        "0": -1.722091163864161,
        "1": 0.7024659784138901
      }
    },
    "cut_minus_nocut": {
      "sg_ott": 0.41374281754911524,
      "sg_app": 0.8330369521219967,
      "sg_arg": 0.3501165296473656,
      "sg_putt": 0.8222237827584974,
      "sg_total": 2.424557142278051
    }
  }
}